timeStamp,elapsed,label,responseCode,responseMessage,threadName,dataType,success,failureMessage,bytes,sentBytes,grpThreads,allThreads,URL,Latency,IdleTime,Connect
1753342568220,428,HTTP Request,200,OK,product_browse 2-1,text,true,,2157,128,85,117,https://dummyjson.com/products/3,428,0,273
1753342568236,417,HTTP Request,200,OK,product_browse 2-4,text,true,,2157,128,86,119,https://dummyjson.com/products/3,417,0,261
1753342568232,455,HTTP Request,200,OK,product_browse 2-3,text,true,,2157,128,91,125,https://dummyjson.com/products/3,455,0,282
1753342568226,461,HTTP Request,200,OK,product_browse 2-2,text,true,,2157,128,91,125,https://dummyjson.com/products/3,461,0,291
1753342568274,415,HTTP Request,200,OK,product_browse 2-11,text,true,,2157,128,90,124,https://dummyjson.com/products/3,415,0,256
1753342568252,443,HTTP Request,200,OK,product_browse 2-7,text,true,,2157,128,89,124,https://dummyjson.com/products/3,443,0,281
1753342568246,458,HTTP Request,200,OK,product_browse 2-6,text,true,,2157,128,91,126,https://dummyjson.com/products/3,458,0,295
1753342568310,401,HTTP Request,200,OK,product_browse 2-19,text,true,,2157,128,92,128,https://dummyjson.com/products/3,400,0,248
1753342568257,458,HTTP Request,200,OK,product_browse 2-8,text,true,,2157,128,92,129,https://dummyjson.com/products/3,458,0,288
1753342568267,448,HTTP Request,200,OK,product_browse 2-10,text,true,,2157,128,92,129,https://dummyjson.com/products/3,448,0,281
1753342568285,438,HTTP Request,200,OK,product_browse 2-14,text,true,,2157,128,91,128,https://dummyjson.com/products/3,437,0,284
1753342568282,440,HTTP Request,200,OK,product_browse 2-13,text,true,,2157,128,91,128,https://dummyjson.com/products/3,440,0,281
1753342568301,430,HTTP Request,200,OK,product_browse 2-17,text,true,,2157,128,91,129,https://dummyjson.com/products/3,430,0,274
1753342568276,460,HTTP Request,200,OK,product_browse 2-12,text,true,,2157,128,91,129,https://dummyjson.com/products/3,460,0,298
1753342568291,452,HTTP Request,200,OK,product_browse 2-15,text,true,,2157,128,91,129,https://dummyjson.com/products/3,452,0,289
1753342568241,502,HTTP Request,200,OK,product_browse 2-5,text,true,,2157,128,91,130,https://dummyjson.com/products/3,502,0,332
1753342568295,457,HTTP Request,200,OK,product_browse 2-16,text,true,,2157,128,91,131,https://dummyjson.com/products/3,457,0,295
1753342568307,453,HTTP Request,200,OK,product_browse 2-18,text,true,,2157,128,92,131,https://dummyjson.com/products/3,453,0,285
1753342568260,516,HTTP Request,200,OK,product_browse 2-9,text,true,,2157,128,93,133,https://dummyjson.com/products/3,516,0,339
1753342568321,456,HTTP Request,200,OK,product_browse 2-21,text,true,,2157,128,93,133,https://dummyjson.com/products/3,455,0,287
1753342568316,463,HTTP Request,200,OK,product_browse 2-20,text,true,,2157,128,93,132,https://dummyjson.com/products/3,463,0,298
1753342568325,463,HTTP Request,200,OK,product_browse 2-22,text,true,,2157,128,93,133,https://dummyjson.com/products/3,463,0,292
1753342568341,450,HTTP Request,200,OK,product_browse 2-25,text,true,,2157,128,93,133,https://dummyjson.com/products/3,450,0,289
1753342568334,466,HTTP Request,200,OK,product_browse 2-24,text,true,,2157,128,94,134,https://dummyjson.com/products/3,466,0,305
1753342568331,474,HTTP Request,200,OK,product_browse 2-23,text,true,,2157,128,94,135,https://dummyjson.com/products/3,474,0,305
1753342568352,466,HTTP Request,200,OK,product_browse 2-27,text,true,,2157,128,95,135,https://dummyjson.com/products/3,466,0,297
1753342568356,486,HTTP Request,200,OK,product_browse 2-28,text,true,,2157,128,99,140,https://dummyjson.com/products/3,486,0,312
1753342568361,501,HTTP Request,200,OK,product_browse 2-29,text,true,,2157,128,102,145,https://dummyjson.com/products/3,501,0,317
1753342568391,477,HTTP Request,200,OK,product_browse 2-35,text,true,,2157,128,102,145,https://dummyjson.com/products/3,476,0,294
1753342568375,494,HTTP Request,200,OK,product_browse 2-32,text,true,,2157,128,102,146,https://dummyjson.com/products/3,493,0,310
1753342568345,535,HTTP Request,200,OK,product_browse 2-26,text,true,,2157,128,102,146,https://dummyjson.com/products/3,535,0,332
1753342568370,522,HTTP Request,200,OK,product_browse 2-31,text,true,,2157,128,103,147,https://dummyjson.com/products/3,522,0,332
1753342568381,514,HTTP Request,200,OK,product_browse 2-33,text,true,,2157,128,103,149,https://dummyjson.com/products/3,514,0,318
1753342568385,530,HTTP Request,200,OK,product_browse 2-34,text,true,,2157,128,106,153,https://dummyjson.com/products/3,530,0,328
1753342568395,528,HTTP Request,200,OK,product_browse 2-36,text,true,,2157,128,107,155,https://dummyjson.com/products/3,528,0,329
1753342568366,561,HTTP Request,200,OK,product_browse 2-30,text,true,,2157,128,107,154,https://dummyjson.com/products/3,561,0,353
1753342568407,555,HTTP Request,200,OK,product_browse 2-38,text,true,,2157,128,113,161,https://dummyjson.com/products/3,555,0,349
1753342568411,567,HTTP Request,200,OK,product_browse 2-39,text,true,,2157,128,115,165,https://dummyjson.com/products/3,567,0,364
1753342568420,559,HTTP Request,200,OK,product_browse 2-41,text,true,,2157,128,115,165,https://dummyjson.com/products/3,558,0,353
1753342568399,633,HTTP Request,200,OK,product_browse 2-37,text,true,,2157,128,124,175,https://dummyjson.com/products/3,633,0,398
1753342568432,601,HTTP Request,200,OK,product_browse 2-43,text,true,,2157,128,124,175,https://dummyjson.com/products/3,601,0,374
1753342568426,639,HTTP Request,200,OK,product_browse 2-42,text,true,,2157,128,129,183,https://dummyjson.com/products/3,639,0,402
1753342568416,663,HTTP Request,200,OK,product_browse 2-40,text,true,,2157,128,130,185,https://dummyjson.com/products/3,663,0,429
1753342568471,624,HTTP Request,200,OK,product_browse 2-51,text,true,,2157,128,133,189,https://dummyjson.com/products/3,623,0,403
1753342568466,645,HTTP Request,200,OK,product_browse 2-50,text,true,,2157,128,135,192,https://dummyjson.com/products/3,644,0,417
1753342568445,674,HTTP Request,200,OK,product_browse 2-46,text,true,,2157,128,135,191,https://dummyjson.com/products/3,674,0,421
1753342568435,684,HTTP Request,200,OK,product_browse 2-44,text,true,,2157,128,135,191,https://dummyjson.com/products/3,684,0,432
1753342568460,669,HTTP Request,200,OK,product_browse 2-49,text,true,,2157,128,135,192,https://dummyjson.com/products/3,669,0,430
1753342568441,694,HTTP Request,200,OK,product_browse 2-45,text,true,,2157,128,136,193,https://dummyjson.com/products/3,694,0,449
1753342568450,688,HTTP Request,200,OK,product_browse 2-47,text,true,,2157,128,135,192,https://dummyjson.com/products/3,687,0,443
1753342568476,662,HTTP Request,200,OK,product_browse 2-52,text,true,,2157,128,135,192,https://dummyjson.com/products/3,662,0,428
1753342568486,661,HTTP Request,200,OK,product_browse 2-54,text,true,,2157,128,135,193,https://dummyjson.com/products/3,661,0,426
1753342568482,675,HTTP Request,200,OK,product_browse 2-53,text,true,,2157,128,136,195,https://dummyjson.com/products/3,675,0,430
1753342568496,685,HTTP Request,200,OK,product_browse 2-56,text,true,,2157,128,140,199,https://dummyjson.com/products/3,685,0,447
1753342568457,725,HTTP Request,200,OK,product_browse 2-48,text,true,,2157,128,140,199,https://dummyjson.com/products/3,725,0,471
1753342568490,702,HTTP Request,200,OK,product_browse 2-55,text,true,,2157,128,140,200,https://dummyjson.com/products/3,702,0,466
1753342568501,700,HTTP Request,200,OK,product_browse 2-57,text,true,,2157,128,141,201,https://dummyjson.com/products/3,700,0,454
1753342568511,715,HTTP Request,200,OK,product_browse 2-59,text,true,,2157,128,143,202,https://dummyjson.com/products/3,715,0,480
1753342568518,759,HTTP Request,200,OK,product_browse 2-60,text,true,,2157,128,142,202,https://dummyjson.com/products/3,759,0,503
1753342568508,774,HTTP Request,200,OK,product_browse 2-58,text,true,,2157,128,141,201,https://dummyjson.com/products/3,774,0,518
1753342568535,747,HTTP Request,200,OK,product_browse 2-62,text,true,,2157,128,141,201,https://dummyjson.com/products/3,747,0,504
1753342568525,763,HTTP Request,200,OK,product_browse 2-61,text,true,,2157,128,139,200,https://dummyjson.com/products/3,763,0,510
1753342568536,768,HTTP Request,200,OK,product_browse 2-64,text,true,,2157,128,138,199,https://dummyjson.com/products/3,768,0,518
1753342568551,777,HTTP Request,200,OK,product_browse 2-66,text,true,,2157,128,137,197,https://dummyjson.com/products/3,777,0,519
1753342568542,809,HTTP Request,200,OK,product_browse 2-65,text,true,,2157,128,136,196,https://dummyjson.com/products/3,809,0,547
1753342568536,818,HTTP Request,200,OK,product_browse 2-63,text,true,,2157,128,135,195,https://dummyjson.com/products/3,818,0,549
1753342568561,808,HTTP Request,200,OK,product_browse 2-68,text,true,,2157,128,134,192,https://dummyjson.com/products/3,808,0,566
1753342568552,824,HTTP Request,200,OK,product_browse 2-67,text,true,,2157,128,133,191,https://dummyjson.com/products/3,824,0,573
1753342568566,823,HTTP Request,200,OK,product_browse 2-70,text,true,,2157,128,132,189,https://dummyjson.com/products/3,823,0,566
1753342568571,820,HTTP Request,200,OK,product_browse 2-71,text,true,,2157,128,131,188,https://dummyjson.com/products/3,819,0,574
1753342568576,840,HTTP Request,200,OK,product_browse 2-69,text,true,,2157,128,130,186,https://dummyjson.com/products/3,840,0,593
1753342568585,849,HTTP Request,200,OK,product_browse 2-74,text,true,,2157,128,129,185,https://dummyjson.com/products/3,849,0,578
1753342568593,851,HTTP Request,200,OK,product_browse 2-73,text,true,,2157,128,128,184,https://dummyjson.com/products/3,851,0,595
1753342568608,847,HTTP Request,200,OK,product_browse 2-77,text,true,,2157,128,127,182,https://dummyjson.com/products/3,847,0,604
1753342568612,850,HTTP Request,200,OK,product_browse 2-78,text,true,,2157,128,126,181,https://dummyjson.com/products/3,849,0,600
1753342568594,871,HTTP Request,200,OK,product_browse 2-75,text,true,,2157,128,125,179,https://dummyjson.com/products/3,871,0,623
1753342568615,851,HTTP Request,200,OK,product_browse 2-79,text,true,,2157,128,125,179,https://dummyjson.com/products/3,851,0,622
1753342568602,876,HTTP Request,200,OK,product_browse 2-76,text,true,,2157,128,123,177,https://dummyjson.com/products/3,876,0,642
1753342568645,847,HTTP Request,200,OK,product_browse 2-86,text,true,,2157,128,122,175,https://dummyjson.com/products/3,847,0,621
1753342568629,868,HTTP Request,200,OK,product_browse 2-81,text,true,,2157,128,121,174,https://dummyjson.com/products/3,868,0,653
1753342568642,857,HTTP Request,200,OK,product_browse 2-83,text,true,,2157,128,120,173,https://dummyjson.com/products/3,857,0,630
1753342568628,871,HTTP Request,200,OK,product_browse 2-80,text,true,,2157,128,120,173,https://dummyjson.com/products/3,871,0,659
1753342568637,863,HTTP Request,200,OK,product_browse 2-82,text,true,,2157,128,118,171,https://dummyjson.com/products/3,863,0,639
1753342568651,862,HTTP Request,200,OK,product_browse 2-85,text,true,,2157,128,117,170,https://dummyjson.com/products/3,861,0,649
1753342568740,946,HTTP Request,200,OK,product_browse 2-105,text,true,,2157,128,116,157,https://dummyjson.com/products/3,946,0,697
1753342568779,920,HTTP Request,200,OK,product_browse 2-113,text,true,,2157,128,115,155,https://dummyjson.com/products/3,920,0,696
1753342568804,896,HTTP Request,200,OK,product_browse 2-118,text,true,,2157,128,114,154,https://dummyjson.com/products/3,896,0,725
1753342568759,943,HTTP Request,200,OK,product_browse 2-109,text,true,,2157,128,114,154,https://dummyjson.com/products/3,943,0,711
1753342568779,925,HTTP Request,200,OK,product_browse 2-112,text,true,,2157,128,113,153,https://dummyjson.com/products/3,925,0,696
1753342568845,894,HTTP Request,200,OK,product_browse 2-126,text,true,,2157,128,111,149,https://dummyjson.com/products/3,893,0,710
1753342568851,890,HTTP Request,200,OK,product_browse 2-127,text,true,,2157,128,110,148,https://dummyjson.com/products/3,890,0,708
1753342568826,926,HTTP Request,200,OK,product_browse 2-122,text,true,,2157,128,109,147,https://dummyjson.com/products/3,926,0,729
1753342568755,929,HTTP Request,200,OK,product_browse 2-108,text,true,,2157,128,116,157,https://dummyjson.com/products/3,929,0,695
1753342568815,954,HTTP Request,200,OK,product_browse 2-120,text,true,,2157,128,107,140,https://dummyjson.com/products/3,954,0,720
1753342568865,905,HTTP Request,200,OK,product_browse 2-130,text,true,,2157,128,106,139,https://dummyjson.com/products/3,905,0,710
1753342568870,906,HTTP Request,200,OK,product_browse 2-131,text,true,,2157,128,105,136,https://dummyjson.com/products/3,906,0,724
1753342568794,983,HTTP Request,200,OK,product_browse 2-116,text,true,,2157,128,105,136,https://dummyjson.com/products/3,983,0,740
1753342568925,854,HTTP Request,200,OK,product_browse 2-142,text,true,,2157,128,103,134,https://dummyjson.com/products/3,854,0,691
1753342568820,959,HTTP Request,200,OK,product_browse 2-121,text,true,,2157,128,103,134,https://dummyjson.com/products/3,959,0,717
1753342568829,855,HTTP Request,200,OK,product_browse 2-123,text,true,,2157,128,116,157,https://dummyjson.com/products/3,855,0,700
1753342568791,892,HTTP Request,200,OK,product_browse 2-115,text,true,,2157,128,116,157,https://dummyjson.com/products/3,892,0,715
1753342568885,896,HTTP Request,200,OK,product_browse 2-134,text,true,,2157,128,100,131,https://dummyjson.com/products/3,896,0,728
1753342568808,875,HTTP Request,200,OK,product_browse 2-119,text,true,,2157,128,116,157,https://dummyjson.com/products/3,874,0,697
1753342568906,876,HTTP Request,200,OK,product_browse 2-138,text,true,,2157,128,99,130,https://dummyjson.com/products/3,876,0,707
1753342568773,909,HTTP Request,200,OK,product_browse 2-111,text,true,,2157,128,116,157,https://dummyjson.com/products/3,909,0,709
1753342568944,839,HTTP Request,200,OK,product_browse 2-146,text,true,,2157,128,96,127,https://dummyjson.com/products/3,839,0,692
1753342568786,895,HTTP Request,200,OK,product_browse 2-114,text,true,,2157,128,116,157,https://dummyjson.com/products/3,895,0,698
1753342568750,911,HTTP Request,200,OK,product_browse 2-107,text,true,,2157,128,116,157,https://dummyjson.com/products/3,910,0,709
1753342568764,893,HTTP Request,200,OK,product_browse 2-110,text,true,,2157,128,116,158,https://dummyjson.com/products/3,893,0,691
1753342568914,878,HTTP Request,200,OK,product_browse 2-139,text,true,,2157,128,91,121,https://dummyjson.com/products/3,878,0,723
1753342568965,830,HTTP Request,200,OK,product_browse 2-150,text,true,,2157,128,90,120,https://dummyjson.com/products/3,830,0,675
1753342568896,906,HTTP Request,200,OK,product_browse 2-135,text,true,,2157,128,89,119,https://dummyjson.com/products/3,906,0,723
1753342568970,834,HTTP Request,200,OK,product_browse 2-151,text,true,,2157,128,88,118,https://dummyjson.com/products/3,834,0,686
1753342568861,948,HTTP Request,200,OK,product_browse 2-129,text,true,,2157,128,87,115,https://dummyjson.com/products/3,948,0,711
1753342568836,976,HTTP Request,200,OK,product_browse 2-124,text,true,,2157,128,86,114,https://dummyjson.com/products/3,976,0,733
1753342568588,1225,HTTP Request,200,OK,product_browse 2-72,text,true,,2157,128,86,114,https://dummyjson.com/products/3,1224,0,995
1753342568840,974,HTTP Request,200,OK,product_browse 2-125,text,true,,2157,128,84,112,https://dummyjson.com/products/3,974,0,745
1753342568857,958,HTTP Request,200,OK,product_browse 2-128,text,true,,2157,128,84,112,https://dummyjson.com/products/3,958,0,730
1753342568950,867,HTTP Request,200,OK,product_browse 2-147,text,true,,2157,128,83,110,https://dummyjson.com/products/3,867,0,706
1753342568884,935,HTTP Request,200,OK,product_browse 2-133,text,true,,2157,128,81,107,https://dummyjson.com/products/3,935,0,731
1753342568989,832,HTTP Request,200,OK,product_browse 2-155,text,true,,2157,128,81,107,https://dummyjson.com/products/3,831,0,687
1753342568875,946,HTTP Request,200,OK,product_browse 2-132,text,true,,2157,128,81,107,https://dummyjson.com/products/3,946,0,743
1753342568985,837,HTTP Request,200,OK,product_browse 2-154,text,true,,2157,128,80,106,https://dummyjson.com/products/3,837,0,691
1753342568735,916,HTTP Request,200,OK,product_browse 2-104,text,true,,2157,128,116,158,https://dummyjson.com/products/3,916,0,682
1753342568901,922,HTTP Request,200,OK,product_browse 2-137,text,true,,2157,128,76,102,https://dummyjson.com/products/3,922,0,721
1753342568956,886,HTTP Request,200,OK,product_browse 2-148,text,true,,2156,128,76,102,https://dummyjson.com/products/3,886,0,726
1753342568720,927,HTTP Request,200,OK,product_browse 2-101,text,true,,2157,128,116,159,https://dummyjson.com/products/3,926,0,689
1753342568716,934,HTTP Request,200,OK,product_browse 2-100,text,true,,2157,128,116,158,https://dummyjson.com/products/3,934,0,696
1753342568705,937,HTTP Request,200,OK,product_browse 2-97,text,true,,2157,128,116,160,https://dummyjson.com/products/3,937,0,686
1753342568935,910,HTTP Request,200,OK,product_browse 2-144,text,true,,2157,128,72,96,https://dummyjson.com/products/3,909,0,736
1753342568745,876,HTTP Request,200,OK,product_browse 2-106,text,true,,2157,128,116,161,https://dummyjson.com/products/3,876,0,695
1753342568730,887,HTTP Request,200,OK,product_browse 2-103,text,true,,2157,128,116,162,https://dummyjson.com/products/3,887,0,702
1753342568924,923,HTTP Request,200,OK,product_browse 2-141,text,true,,2157,128,69,92,https://dummyjson.com/products/3,923,0,733
1753342568699,917,HTTP Request,200,OK,product_browse 2-96,text,true,,2157,128,116,162,https://dummyjson.com/products/3,917,0,679
1753342568725,891,HTTP Request,200,OK,product_browse 2-102,text,true,,2157,128,116,162,https://dummyjson.com/products/3,891,0,686
1753342568960,889,HTTP Request,200,OK,product_browse 2-149,text,true,,2157,128,66,89,https://dummyjson.com/products/3,889,0,700
1753342568705,909,HTTP Request,200,OK,product_browse 2-95,text,true,,2157,128,116,163,https://dummyjson.com/products/3,909,0,693
1753342568712,885,HTTP Request,200,OK,product_browse 2-99,text,true,,2157,128,116,163,https://dummyjson.com/products/3,885,0,671
1753342568707,889,HTTP Request,200,OK,product_browse 2-98,text,true,,2157,128,116,164,https://dummyjson.com/products/3,889,0,674
1753342568691,894,HTTP Request,200,OK,product_browse 2-94,text,true,,2157,128,116,164,https://dummyjson.com/products/3,894,0,684
1753342568682,903,HTTP Request,200,OK,product_browse 2-93,text,true,,2157,128,116,164,https://dummyjson.com/products/3,903,0,685
1753342568648,927,HTTP Request,200,OK,product_browse 2-84,text,true,,2157,128,116,164,https://dummyjson.com/products/3,927,0,691
1753342568677,897,HTTP Request,200,OK,product_browse 2-92,text,true,,2157,128,116,164,https://dummyjson.com/products/3,897,0,672
1753342568675,890,HTTP Request,200,OK,product_browse 2-91,text,true,,2157,128,116,166,https://dummyjson.com/products/3,889,0,677
1753342568650,901,HTTP Request,200,OK,product_browse 2-87,text,true,,2157,128,116,169,https://dummyjson.com/products/3,901,0,678
1753342568897,955,HTTP Request,200,OK,product_browse 2-136,text,true,,2157,128,59,80,https://dummyjson.com/products/3,955,0,739
1753342568919,933,HTTP Request,200,OK,product_browse 2-140,text,true,,2157,128,59,80,https://dummyjson.com/products/3,933,0,719
1753342568660,881,HTTP Request,200,OK,product_browse 2-88,text,true,,2157,128,116,169,https://dummyjson.com/products/3,881,0,668
1753342568666,873,HTTP Request,200,OK,product_browse 2-89,text,true,,2157,128,116,169,https://dummyjson.com/products/3,873,0,653
1753342568669,867,HTTP Request,200,OK,product_browse 2-90,text,true,,2157,128,116,169,https://dummyjson.com/products/3,867,0,650
1753342569013,821,HTTP Request,200,OK,product_browse 2-159,text,true,,2157,128,76,102,https://dummyjson.com/products/3,821,0,666
1753342568930,903,HTTP Request,200,OK,product_browse 2-143,text,true,,2157,128,76,102,https://dummyjson.com/products/3,903,0,726
1753342568975,884,HTTP Request,200,OK,product_browse 2-152,text,true,,2157,128,48,69,https://dummyjson.com/products/3,884,0,720
1753342569007,857,HTTP Request,200,OK,product_browse 2-158,text,true,,2156,128,47,68,https://dummyjson.com/products/3,857,0,689
1753342569050,815,HTTP Request,200,OK,product_browse 2-167,text,true,,2156,128,47,68,https://dummyjson.com/products/3,815,0,653
1753342568800,1065,HTTP Request,200,OK,product_browse 2-117,text,true,,2157,128,47,68,https://dummyjson.com/products/3,1065,0,703
1753342568938,931,HTTP Request,200,OK,product_browse 2-145,text,true,,2156,128,44,64,https://dummyjson.com/products/3,931,0,764
1753342569025,844,HTTP Request,200,OK,product_browse 2-162,text,true,,2156,128,44,64,https://dummyjson.com/products/3,844,0,674
1753342569021,897,HTTP Request,200,OK,product_browse 2-161,text,true,,2157,128,42,60,https://dummyjson.com/products/3,897,0,703
1753342569055,855,HTTP Request,200,OK,product_browse 2-168,text,true,,2157,128,42,61,https://dummyjson.com/products/3,855,0,677
1753342569091,818,HTTP Request,200,OK,product_browse 2-175,text,true,,2157,128,42,61,https://dummyjson.com/products/3,818,0,643
1753342569045,853,HTTP Request,200,OK,product_browse 2-166,text,true,,2156,128,42,62,https://dummyjson.com/products/3,853,0,675
1753342569001,891,HTTP Request,200,OK,product_browse 2-157,text,true,,2157,128,42,62,https://dummyjson.com/products/3,891,0,721
1753342568980,912,HTTP Request,200,OK,product_browse 2-153,text,true,,2156,128,42,62,https://dummyjson.com/products/3,912,0,733
1753342569031,867,HTTP Request,200,OK,product_browse 2-163,text,true,,2157,128,42,62,https://dummyjson.com/products/3,867,0,684
1753342569126,805,HTTP Request,200,OK,product_browse 2-182,text,true,,2157,128,35,53,https://dummyjson.com/products/3,805,0,613
1753342569111,826,HTTP Request,200,OK,product_browse 2-179,text,true,,2157,128,34,52,https://dummyjson.com/products/3,826,0,630
1753342569035,906,HTTP Request,429,Too Many Requests,product_browse 2-164,text,false,,480,128,33,49,https://dummyjson.com/products/3,906,0,729
1753342569039,904,HTTP Request,200,OK,product_browse 2-165,text,true,,2156,128,33,49,https://dummyjson.com/products/3,904,0,727
1753342569016,929,HTTP Request,200,OK,product_browse 2-160,text,true,,2157,128,31,47,https://dummyjson.com/products/3,929,0,725
1753342569105,841,HTTP Request,200,OK,product_browse 2-178,text,true,,2157,128,30,46,https://dummyjson.com/products/3,841,0,656
1753342568994,954,HTTP Request,200,OK,product_browse 2-156,text,true,,2156,128,29,44,https://dummyjson.com/products/3,953,0,749
1753342569069,880,HTTP Request,200,OK,product_browse 2-171,text,true,,2157,128,28,42,https://dummyjson.com/products/3,880,0,681
1753342569066,884,HTTP Request,429,Too Many Requests,product_browse 2-170,text,false,,480,128,27,41,https://dummyjson.com/products/3,884,0,693
1753342569076,878,HTTP Request,200,OK,product_browse 2-172,text,true,,2157,128,26,39,https://dummyjson.com/products/3,878,0,699
1753342569131,826,HTTP Request,200,OK,product_browse 2-183,text,true,,2157,128,25,37,https://dummyjson.com/products/3,826,0,649
1753342569100,882,HTTP Request,429,Too Many Requests,product_browse 2-177,text,false,,480,128,24,36,https://dummyjson.com/products/3,882,0,693
1753342569085,898,HTTP Request,200,OK,product_browse 2-174,text,true,,2157,128,24,36,https://dummyjson.com/products/3,898,0,707
1753342569081,903,HTTP Request,200,OK,product_browse 2-173,text,true,,2157,128,24,36,https://dummyjson.com/products/3,903,0,711
1753342569145,839,HTTP Request,200,OK,product_browse 2-186,text,true,,2157,128,24,36,https://dummyjson.com/products/3,839,0,658
1753342569164,821,HTTP Request,429,Too Many Requests,product_browse 2-190,text,false,,480,128,24,36,https://dummyjson.com/products/3,821,0,647
1753342569095,890,HTTP Request,429,Too Many Requests,product_browse 2-176,text,false,,480,128,24,36,https://dummyjson.com/products/3,890,0,704
1753342569153,834,HTTP Request,429,Too Many Requests,product_browse 2-187,text,false,,480,128,20,31,https://dummyjson.com/products/3,834,0,651
1753342569116,872,HTTP Request,200,OK,product_browse 2-180,text,true,,2157,128,20,31,https://dummyjson.com/products/3,872,0,704
1753342569121,871,HTTP Request,200,OK,product_browse 2-181,text,true,,2157,128,16,27,https://dummyjson.com/products/3,870,0,715
1753342569135,857,HTTP Request,200,OK,product_browse 2-184,text,true,,2157,128,16,27,https://dummyjson.com/products/3,857,0,715
1753342569060,942,HTTP Request,200,OK,product_browse 2-169,text,true,,2157,128,14,23,https://dummyjson.com/products/3,941,0,755
1753342569158,857,HTTP Request,200,OK,product_browse 2-188,text,true,,2157,128,13,22,https://dummyjson.com/products/3,857,0,707
1753342569195,943,HTTP Request,429,Too Many Requests,product_browse 2-196,text,false,,480,128,12,20,https://dummyjson.com/products/3,943,0,827
1753342569205,944,HTTP Request,200,OK,product_browse 2-198,text,true,,2157,128,11,17,https://dummyjson.com/products/3,944,0,829
1753342569159,996,HTTP Request,200,OK,product_browse 2-189,text,true,,2157,128,10,14,https://dummyjson.com/products/3,996,0,880
1753342569200,961,HTTP Request,200,OK,product_browse 2-197,text,true,,2157,128,9,13,https://dummyjson.com/products/3,960,0,850
1753342569210,955,HTTP Request,429,Too Many Requests,product_browse 2-199,text,false,,480,128,8,12,https://dummyjson.com/products/3,955,0,845
1753342569216,950,HTTP Request,200,OK,product_browse 2-200,text,true,,2157,128,8,12,https://dummyjson.com/products/3,950,0,833
1753342569175,997,HTTP Request,200,OK,product_browse 2-192,text,true,,2157,128,6,9,https://dummyjson.com/products/3,997,0,877
1753342569170,1007,HTTP Request,429,Too Many Requests,product_browse 2-191,text,false,,480,128,5,7,https://dummyjson.com/products/3,1007,0,893
1753342569185,998,HTTP Request,200,OK,product_browse 2-194,text,true,,2157,128,4,4,https://dummyjson.com/products/3,998,0,881
1753342569180,1003,HTTP Request,429,Too Many Requests,product_browse 2-193,text,false,,480,128,4,4,https://dummyjson.com/products/3,1003,0,889
1753342569190,993,HTTP Request,200,OK,product_browse 2-195,text,true,,2157,128,4,4,https://dummyjson.com/products/3,993,0,881
1753342569140,1696,HTTP Request,200,OK,product_browse 2-185,text,true,,2157,128,1,1,https://dummyjson.com/products/3,1696,0,1495
